Student Name,Enter Time
42018116,02:01:09.792619
42020113,02:01:12.983620
6666,02:01:15.610548
